insert into country ("idCountry", name) values (1, 'Finland');
insert into country ("idCountry", name) values (2, 'United States');
insert into country ("idCountry", name) values (3, 'Indonesia');

insert into city ("idCity", name, "idCountry") values (1, 'Shangbahe', 2);
insert into city ("idCity", name, "idCountry") values (2, 'Gwaram', 3);
insert into city ("idCity", name, "idCountry") values (3, 'Şafwá', 1);
insert into city ("idCity", name, "idCountry") values (4, 'Bulualto', 1);

insert into location ("idLocation", "idCity", address) values (1, 2, '940 Debra Way');
insert into location ("idLocation", "idCity", address) values (2, 1, '458 Saint Paul Hill');
insert into location ("idLocation", "idCity", address) values (3, 4, '17910 Vera Park');
insert into location ("idLocation", "idCity", address) values (4, 3, '497 Meadow Vale Circle');


insert into "companyInfo" ("idInfo", department, position) values (1, 'Marketing', 'Junior Executive');
insert into "companyInfo" ("idInfo", department, position) values (2, 'Legal', 'VP Marketing');
insert into "companyInfo" ("idInfo", department, position) values (3, 'Training', 'Senior Sales Associate');
insert into "companyInfo" ("idInfo", department, position) values (4, 'Sales', 'Office Assistant II');
insert into "companyInfo" ("idInfo", department, position) values (5, 'Marketing', 'Environmental Specialist');
insert into "companyInfo" ("idInfo", department, position) values (6, 'Sales', 'Office Assistant IV');
insert into "companyInfo" ("idInfo", department, position) values (7, 'Business Development', 'Professor');
insert into "companyInfo" ("idInfo", department, position) values (8, 'Sales', 'Nurse');
insert into "companyInfo" ("idInfo", department, position) values (9, 'Engineering', 'Product Engineer');
insert into "companyInfo" ("idInfo", department, position) values (10, 'Accounting', 'VP Quality Control');
insert into "companyInfo" ("idInfo", department, position) values (11, 'Services', 'Senior Developer');
insert into "companyInfo" ("idInfo", department, position) values (12, 'Business Development', 'VP Sales');
insert into "companyInfo" ("idInfo", department, position) values (13, 'Engineering', 'Assistant Professor');
insert into "companyInfo" ("idInfo", department, position) values (14, 'Product Management', 'Senior Quality Engineer');
insert into "companyInfo" ("idInfo", department, position) values (15, 'Human Resources', 'Actuary');

insert into "appUser" ("idUser", name, email, username, password, "idInfo", "user_type") values (1, 'Carolyn Griffin', 'cgriffin0@senate.gov', 'cgrifeffin0', '9hejMcTr7', 4, 'Director');
insert into "appUser" ("idUser", name, email, username, password, "idInfo", "user_type") values (2, 'Sharon Riley', 'sriley1@exblog.jp', 'sriley1', 'Z4xHQGPCRT', 3, 'Collaborator');
insert into "appUser" ("idUser", name, email, username, password, "idInfo", "user_type") values (3, 'Carl Vasquez', 'cvasquez2@ucoz.ru', 'cvasquez2', 'xJ4VfOvxVg', 13, 'Collaborator');
insert into "appUser" ("idUser", name, email, username, password, "idInfo", "user_type") values (4, 'Wayne Gilbert', 'wgilbert3@jalbum.net', 'wgilbert3', 'oVggBsJeRf3W', 8, 'Collaborator');
insert into "appUser" ("idUser", name, email, username, password, "idInfo", "user_type") values (5, 'Judith Green', 'jgreen4@sun.com', 'jgreen4', '6K6a43ywqtgrle', 1, 'Collaborator');
insert into "appUser" ("idUser", name, email, username, password, "idInfo", "user_type") values (6, 'Albert Powell', 'apowell5@thetimes.co.uk', 'apowesdfgrell5', 'v2QAKK65BEds', 9, 'Collaborator');
insert into "appUser" ("idUser", name, email, username, password, "idInfo", "user_type") values (7, 'Randy Hill', 'rhill6@istockphoto.com', 'rhill6', 'Fr2Mw5yq96', 15, 'Collaborator');
insert into "appUser" ("idUser", name, email, username, password, "idInfo", "user_type") values (8, 'Michelle Coleman', 'mcoleman7@paginegialle.it', 'mcoleman7', '0SP4Sb2345er', 10, 'Collaborator');
insert into "appUser" ("idUser", name, email, username, password, "idInfo", "user_type") values (9, 'Sharon Payne', 'spayne8@auda.org.au', 'spayne8', '2yCo3eafgZi', 5, 'Collaborator');
insert into "appUser" ("idUser", name, email, username, password, "idInfo", "user_type") values (10, 'Jean Thomas', 'jthomas9@cyberchimps.com', 'jthomweg34as9', 'uS18E67EZCHl', 7, 'Collaborator');
insert into "appUser" ("idUser", name, email, username, password, "idInfo", "user_type") values (11, 'Lois Medina', 'lmedinaa@csmonitor.com', 'lmedi234naa', 'akH7kiuh', 13, 'Collaborator');
insert into "appUser" ("idUser", name, email, username, password, "idInfo", "user_type") values (12, 'Todd Austin', 'taustinb@dion.ne.jp', 'taustferw3inb', 'R2JzOZrp', 2, 'Collaborator');
insert into "appUser" ("idUser", name, email, username, password, "idInfo", "user_type") values (13, 'Melissa Fisher', 'mfisherc@narod.ru', 'mfiswerf3herc', 'bpN3JJB3F', 12, 'Collaborator');
insert into "appUser" ("idUser", name, email, username, password, "idInfo", "user_type") values (14, 'Teresa Garza', 'tgarzad@washington.edu', 'tgarf3frzad', 'D3po0asdfw7U', 1, 'Collaborator');
insert into "appUser" ("idUser", name, email, username, password, "idInfo", "user_type") values (15, 'Jean Hawkins', 'jhawkinse@shutterfly.com', 'jhawkinse', '7uTbygdU69', 10, 'Collaborator');
insert into "appUser" ("idUser", name, email, username, password, "idInfo", "user_type") values (16, 'Jeffrey Stone', 'jstonef@chronoengine.com', 'jstof3ef3nef', 'd8qQE769Hcp5', 15, 'Collaborator');
insert into "appUser" ("idUser", name, email, username, password, "idInfo", "user_type") values (17, 'Joseph Bowman', 'jbowmang@example.com', 'jbowm34tferfang', 'CWfTSRe3vAB', 7, 'Collaborator');
insert into "appUser" ("idUser", name, email, username, password, "idInfo", "user_type") values (18, 'Jesse Griffin', 'jgriffinh@about.me', 'jgriffinh', 'PnQQqewdfcatR', 11, 'Collaborator');
insert into "appUser" ("idUser", name, email, username, password, "idInfo", "user_type") values (19, 'Jerry Richardson', 'jrichardsoni@joomla.org', 'jrichardsoni', 'uc08T45w4rfg7O', 6, 'Collaborator');
insert into "appUser" ("idUser", name, email, username, password, "idInfo", "user_type") values (20, 'Emily Edwards', 'eedwardsj@live.com', 'eedwardsj', 'ref3efTg2PD', 14, 'Collaborator');

insert into message ("idMessage", calendar_date, message_text, "idSender", "idReceiver") values (1, '2018/02/05', 'Morbi a ipsum.', 3, 2);
insert into message ("idMessage", calendar_date, message_text, "idSender", "idReceiver") values (2, '2017/12/03', 'Aenean lectus.', 3, 3);
insert into message ("idMessage", calendar_date, message_text, "idSender", "idReceiver") values (3, '2017/08/07', 'In hac habitasse platea dictumst.', 3, 2);
insert into message ("idMessage", calendar_date, message_text, "idSender", "idReceiver") values (4, '2017/08/24', 'Etiam vel augue.', 1, 3);
insert into message ("idMessage", calendar_date, message_text, "idSender", "idReceiver") values (5, '2018/03/16', 'Vivamus in felis eu sapien cursus vestibulum. Proin eu mi.', 3, 3);
insert into message ("idMessage", calendar_date, message_text, "idSender", "idReceiver") values (6, '2018/01/23', 'In hac habitasse platea dictumst.', 2, 2);
insert into message ("idMessage", calendar_date, message_text, "idSender", "idReceiver") values (7, '2017/04/20', 'Vestibulum ante ipsum primis in faucibus orci luctus et ultrices posuere cubilia Curae; Mauris viverra diam vitae quam. Suspendisse potenti.', 1, 2);
insert into message ("idMessage", calendar_date, message_text, "idSender", "idReceiver") values (8, '2018/03/15', 'Nullam varius.', 3, 3);
insert into message ("idMessage", calendar_date, message_text, "idSender", "idReceiver") values (9, '2018/01/23', 'Aliquam augue quam, sollicitudin vitae, consectetuer eget, rutrum at, lorem. Integer tincidunt ante vel ipsum.', 3, 3);
insert into message ("idMessage", calendar_date, message_text, "idSender", "idReceiver") values (10, '2017/07/22', 'Proin risus. Praesent lectus.', 3, 2);
insert into message ("idMessage", calendar_date, message_text, "idSender", "idReceiver") values (11, '2017/04/08', 'In tempor, turpis nec euismod scelerisque, quam turpis adipiscing lorem, vitae mattis nibh ligula nec sem. Duis aliquam convallis nunc.', 2, 1);
insert into message ("idMessage", calendar_date, message_text, "idSender", "idReceiver") values (12, '2018/03/22', 'Sed sagittis. Nam congue, risus semper porta volutpat, quam pede lobortis ligula, sit amet eleifend pede libero quis orci.', 2, 3);
insert into message ("idMessage", calendar_date, message_text, "idSender", "idReceiver") values (13, '2017/08/07', 'Donec odio justo, sollicitudin ut, suscipit a, feugiat et, eros. Vestibulum ac est lacinia nisi venenatis tristique.', 1, 1);
insert into message ("idMessage", calendar_date, message_text, "idSender", "idReceiver") values (14, '2017/08/14', 'Aenean lectus.', 2, 3);
insert into message ("idMessage", calendar_date, message_text, "idSender", "idReceiver") values (15, '2017/10/13', 'Duis bibendum. Morbi non quam nec dui luctus rutrum.', 3, 1);
insert into message ("idMessage", calendar_date, message_text, "idSender", "idReceiver") values (16, '2018/03/20', 'Praesent id massa id nisl venenatis lacinia.', 3, 2);
insert into message ("idMessage", calendar_date, message_text, "idSender", "idReceiver") values (17, '2018/03/02', 'Vestibulum quam sapien, varius ut, blandit non, interdum in, ante.', 1, 2);
insert into message ("idMessage", calendar_date, message_text, "idSender", "idReceiver") values (18, '2017/09/17', 'Ut tellus.', 1, 2);
insert into message ("idMessage", calendar_date, message_text, "idSender", "idReceiver") values (19, '2018/02/09', 'Nulla justo. Aliquam quis turpis eget elit sodales scelerisque.', 3, 3);
insert into message ("idMessage", calendar_date, message_text, "idSender", "idReceiver") values (20, '2017/09/22', 'Maecenas pulvinar lobortis est. Phasellus sit amet erat.', 1, 2);
insert into message ("idMessage", calendar_date, message_text, "idSender", "idReceiver") values (21, '2017/05/02', 'Mauris lacinia sapien quis libero. Nullam sit amet turpis elementum ligula vehicula consequat.', 2, 1);
insert into message ("idMessage", calendar_date, message_text, "idSender", "idReceiver") values (22, '2017/06/30', 'Vestibulum quam sapien, varius ut, blandit non, interdum in, ante. Vestibulum ante ipsum primis in faucibus orci luctus et ultrices posuere cubilia Curae; Duis faucibus accumsan odio.', 2, 3);
insert into message ("idMessage", calendar_date, message_text, "idSender", "idReceiver") values (23, '2017/06/23', 'Nulla mollis molestie lorem.', 1, 1);
insert into message ("idMessage", calendar_date, message_text, "idSender", "idReceiver") values (24, '2018/03/18', 'Nullam molestie nibh in lectus.', 1, 3);
insert into message ("idMessage", calendar_date, message_text, "idSender", "idReceiver") values (25, '2017/07/21', 'Morbi non lectus.', 2, 1);
insert into message ("idMessage", calendar_date, message_text, "idSender", "idReceiver") values (26, '2017/11/09', 'Integer pede justo, lacinia eget, tincidunt eget, tempus vel, pede. Morbi porttitor lorem id ligula.', 2, 3);
insert into message ("idMessage", calendar_date, message_text, "idSender", "idReceiver") values (27, '2017/06/26', 'Maecenas tristique, est et tempus semper, est quam pharetra magna, ac consequat metus sapien ut nunc. Vestibulum ante ipsum primis in faucibus orci luctus et ultrices posuere cubilia Curae; Mauris viverra diam vitae quam.', 2, 1);
insert into message ("idMessage", calendar_date, message_text, "idSender", "idReceiver") values (28, '2017/06/09', 'Integer tincidunt ante vel ipsum. Praesent blandit lacinia erat.', 3, 2);
insert into message ("idMessage", calendar_date, message_text, "idSender", "idReceiver") values (29, '2017/07/02', 'Donec ut mauris eget massa tempor convallis.', 3, 2);
insert into message ("idMessage", calendar_date, message_text, "idSender", "idReceiver") values (30, '2017/05/19', 'Aenean lectus. Pellentesque eget nunc.', 3, 3);
insert into message ("idMessage", calendar_date, message_text, "idSender", "idReceiver") values (31, '2018/03/06', 'Fusce lacus purus, aliquet at, feugiat non, pretium quis, lectus.', 3, 1);
insert into message ("idMessage", calendar_date, message_text, "idSender", "idReceiver") values (32, '2017/07/24', 'Proin interdum mauris non ligula pellentesque ultrices. Phasellus id sapien in sapien iaculis congue.', 2, 1);
insert into message ("idMessage", calendar_date, message_text, "idSender", "idReceiver") values (33, '2017/07/24', 'Nam nulla. Integer pede justo, lacinia eget, tincidunt eget, tempus vel, pede.', 3, 2);
insert into message ("idMessage", calendar_date, message_text, "idSender", "idReceiver") values (34, '2017/03/29', 'Etiam faucibus cursus urna. Ut tellus.', 3, 2);
insert into message ("idMessage", calendar_date, message_text, "idSender", "idReceiver") values (35, '2017/04/23', 'Morbi sem mauris, laoreet ut, rhoncus aliquet, pulvinar sed, nisl.', 2, 3);
insert into message ("idMessage", calendar_date, message_text, "idSender", "idReceiver") values (36, '2018/02/11', 'Nam ultrices, libero non mattis pulvinar, nulla pede ullamcorper augue, a suscipit nulla elit ac nulla. Sed vel enim sit amet nunc viverra dapibus.', 3, 2);
insert into message ("idMessage", calendar_date, message_text, "idSender", "idReceiver") values (37, '2017/06/22', 'Vestibulum quam sapien, varius ut, blandit non, interdum in, ante. Vestibulum ante ipsum primis in faucibus orci luctus et ultrices posuere cubilia Curae; Duis faucibus accumsan odio.', 3, 1);
insert into message ("idMessage", calendar_date, message_text, "idSender", "idReceiver") values (38, '2017/08/21', 'Fusce consequat.', 3, 2);
insert into message ("idMessage", calendar_date, message_text, "idSender", "idReceiver") values (39, '2017/04/06', 'Mauris lacinia sapien quis libero. Nullam sit amet turpis elementum ligula vehicula consequat.', 2, 1);
insert into message ("idMessage", calendar_date, message_text, "idSender", "idReceiver") values (40, '2018/03/03', 'Aenean auctor gravida sem.', 2, 1);

insert into "contactList" ("idList", "idOwner") values (1, 1);
insert into "contactList" ("idList", "idOwner") values (2, 12);
insert into "contactList" ("idList", "idOwner") values (3, 20);
insert into "contactList" ("idList", "idOwner") values (4, 2);
insert into "contactList" ("idList", "idOwner") values (5, 11);
insert into "contactList" ("idList", "idOwner") values (6, 3);
insert into "contactList" ("idList", "idOwner") values (7, 4);
insert into "contactList" ("idList", "idOwner") values (8, 7);
insert into "contactList" ("idList", "idOwner") values (9, 18);
insert into "contactList" ("idList", "idOwner") values (10, 19);
insert into "contactList" ("idList", "idOwner") values (11, 15);
insert into "contactList" ("idList", "idOwner") values (12, 5);

insert into "contactListUser" ("idContactList", "idUser") values (10, 15);
insert into "contactListUser" ("idContactList", "idUser") values (1, 8);
insert into "contactListUser" ("idContactList", "idUser") values (9, 17);
insert into "contactListUser" ("idContactList", "idUser") values (12, 18);
insert into "contactListUser" ("idContactList", "idUser") values (5, 19);
insert into "contactListUser" ("idContactList", "idUser") values (3, 8);
insert into "contactListUser" ("idContactList", "idUser") values (6, 3);
insert into "contactListUser" ("idContactList", "idUser") values (11, 5);
insert into "contactListUser" ("idContactList", "idUser") values (1, 6);
insert into "contactListUser" ("idContactList", "idUser") values (12, 20);
insert into "contactListUser" ("idContactList", "idUser") values (10, 10);
insert into "contactListUser" ("idContactList", "idUser") values (4, 11);
insert into "contactListUser" ("idContactList", "idUser") values (8, 7);
insert into "contactListUser" ("idContactList", "idUser") values (2, 2);
insert into "contactListUser" ("idContactList", "idUser") values (2, 18);
insert into "contactListUser" ("idContactList", "idUser") values (6, 19);
insert into "contactListUser" ("idContactList", "idUser") values (10, 20);
insert into "contactListUser" ("idContactList", "idUser") values (9, 13);
insert into "contactListUser" ("idContactList", "idUser") values (9, 20);
insert into "contactListUser" ("idContactList", "idUser") values (11, 1);
insert into "contactListUser" ("idContactList", "idUser") values (11, 17);
insert into "contactListUser" ("idContactList", "idUser") values (1, 15);
insert into "contactListUser" ("idContactList", "idUser") values (12, 1);
insert into "contactListUser" ("idContactList", "idUser") values (4, 14);
insert into "contactListUser" ("idContactList", "idUser") values (1, 18);
insert into "contactListUser" ("idContactList", "idUser") values (10, 19);
insert into "contactListUser" ("idContactList", "idUser") values (5, 16);
insert into "contactListUser" ("idContactList", "idUser") values (12, 16);
insert into "contactListUser" ("idContactList", "idUser") values (11, 14);
insert into "contactListUser" ("idContactList", "idUser") values (5, 14);
insert into "contactListUser" ("idContactList", "idUser") values (7, 8);
insert into "contactListUser" ("idContactList", "idUser") values (2, 10);
insert into "contactListUser" ("idContactList", "idUser") values (12, 11);
insert into "contactListUser" ("idContactList", "idUser") values (4, 10);
insert into "contactListUser" ("idContactList", "idUser") values (12, 10);
insert into "contactListUser" ("idContactList", "idUser") values (3, 9);
insert into "contactListUser" ("idContactList", "idUser") values (12, 3);
insert into "contactListUser" ("idContactList", "idUser") values (8, 13);
insert into "contactListUser" ("idContactList", "idUser") values (11, 16);
insert into "contactListUser" ("idContactList", "idUser") values (1, 10);
insert into "contactListUser" ("idContactList", "idUser") values (6, 6);
insert into "contactListUser" ("idContactList", "idUser") values (9, 2);
insert into "contactListUser" ("idContactList", "idUser") values (1, 13);
insert into "contactListUser" ("idContactList", "idUser") values (8, 16);
insert into "contactListUser" ("idContactList", "idUser") values (10, 12);
insert into "contactListUser" ("idContactList", "idUser") values (12, 2);

insert into event ("idEvent", name, calendar_date, calendar_time, location, "idLocation", description, "isPublic", "idCreator", "event_type") values (1, 'Alpha', '2017/05/10', '20:36', 'NY', 4, 'Ut tellus.', false, 1, 'Meeting');
insert into event ("idEvent", name, calendar_date, calendar_time, location, "idLocation", description, "isPublic", "idCreator", "event_type") values (2, 'Transcof', '2017/12/14', '15:56', 'WA', 4, 'Pellentesque viverra pede ac diam. Cras pellentesque volutpat dui. Maecenas tristique, est et tempus semper, est quam pharetra magna, ac consequat metus sapien ut nunc.', true, 1, 'Workshop');
insert into event ("idEvent", name, calendar_date, calendar_time, location, "idLocation", description, "isPublic", "idCreator", "event_type") values (3, 'Job', '2018/03/06', '14:16', 'NC', 4, 'Donec odio justo, sollicitudin ut, suscipit a, feugiat et, eros. Vestibulum ac est lacinia nisi venenatis tristique.', true, 1, 'SocialGathering');
insert into event ("idEvent", name, calendar_date, calendar_time, location, "idLocation", description, "isPublic", "idCreator", "event_type") values (4, 'Duobam', '2017/07/03', '20:08', 'NC', 4, 'Nulla justo. Aliquam quis turpis eget elit sodales scelerisque. Mauris sit amet eros.', true, 1, 'Lecture/Conference');
insert into event ("idEvent", name, calendar_date, calendar_time, location, "idLocation", description, "isPublic", "idCreator", "event_type") values (5, 'Rank', '2017/08/28', '9:22', 'IN', 4, 'Cras non velit nec nisi vulputate nonummy. Maecenas tincidunt lacus at velit. Vivamus vel nulla eget eros elementum pellentesque.', false, 1, 'KickOff');

insert into post ("idPost", calendar_date, calendar_time, post_text, "idCreator", "idEvent") values (1, '2017/08/09', '2:35 PM', 'In congue.', 13, 1);
insert into post ("idPost", calendar_date, calendar_time, post_text, "idCreator", "idEvent") values (2, '2017/10/28', '8:42 AM', 'Nulla ut erat id mauris vulputate elementum. Nullam varius.', 3, 2);
insert into post ("idPost", calendar_date, calendar_time, post_text, "idCreator", "idEvent") values (3, '2018/01/10', '5:24 AM', 'Suspendisse potenti.', 7, 2);
insert into post ("idPost", calendar_date, calendar_time, post_text, "idCreator", "idEvent") values (4, '2017/11/25', '11:48 PM', 'Cum sociis natoque penatibus et magnis dis parturient montes, nascetur ridiculus mus. Etiam vel augue.', 8, 1);
insert into post ("idPost", calendar_date, calendar_time, post_text, "idCreator", "idEvent") values (5, '2018/02/28', '3:39 PM', 'Donec diam neque, vestibulum eget, vulputate ut, ultrices vel, augue. Vestibulum ante ipsum primis in faucibus orci luctus et ultrices posuere cubilia Curae; Donec pharetra, magna vestibulum aliquet ultrices, erat tortor sollicitudin mi, sit amet lobortis sapien sapien non mi. Integer ac neque.', 10, 1);
insert into post ("idPost", calendar_date, calendar_time, post_text, "idCreator", "idEvent") values (6, '2017/07/28', '7:03 AM', 'In hac habitasse platea dictumst. Etiam faucibus cursus urna.', 9, 2);
insert into post ("idPost", calendar_date, calendar_time, post_text, "idCreator", "idEvent") values (7, '2018/03/14', '4:55 PM', 'Duis mattis egestas metus.', 2, 1);
insert into post ("idPost", calendar_date, calendar_time, post_text, "idCreator", "idEvent") values (8, '2018/01/28', '4:14 PM', 'Quisque porta volutpat erat.', 16, 1);
insert into post ("idPost", calendar_date, calendar_time, post_text, "idCreator", "idEvent") values (9, '2018/03/08', '5:21 PM', 'Mauris sit amet eros. Suspendisse accumsan tortor quis turpis.', 4, 1);
insert into post ("idPost", calendar_date, calendar_time, post_text, "idCreator", "idEvent") values (10, '2018/01/04', '8:23 AM', 'Praesent id massa id nisl venenatis lacinia. Aenean sit amet justo. Morbi ut odio.', 8, 2);

insert into doc ("idDoc", name, "idPost", "idUser", "idEvent") values (1, 'vitae.jpeg', 2, 12, null);
insert into doc ("idDoc", name, "idPost", "idUser", "idEvent") values (2,'quam.doc', 8, 7, null);
insert into doc ("idDoc", name, "idPost", "idUser", "idEvent") values (3, 'aliquet.mp3', 6, 1, null);
insert into doc ("idDoc", name, "idPost", "idUser", "idEvent") values (4,'vestibulum_ante_ipsum.ppt', 10, null, 5);
insert into doc ("idDoc", name, "idPost", "idUser", "idEvent") values (5, 'nisl_nunc.ppt', 9, null, 4);
insert into doc ("idDoc", name, "idPost", "idUser", "idEvent") values (6, 'tempus.mpeg', 10, null, 2);
insert into doc ("idDoc",  name, "idPost", "idUser", "idEvent") values (7, 'eros_viverra_eget.avi', null, 14, 4);
insert into doc ("idDoc", name, "idPost", "idUser", "idEvent") values (8, 'pede.mpeg', null, 15, 3);
insert into doc ("idDoc", name, "idPost", "idUser", "idEvent") values (9,  'vel_est.xls', null, 19, 1);

insert into invitation ("idEvent", "idUser", accepted, calendar_date) values (1, 7, true, '2017/11/17');
insert into invitation ("idEvent", "idUser", accepted, calendar_date) values (1, 17, false, '2017/11/01');
insert into invitation ("idEvent", "idUser", accepted, calendar_date) values (1, 30, false, '2017/12/07');
insert into invitation ("idEvent", "idUser", accepted, calendar_date) values (1, 29, true, '2017/06/27');
insert into invitation ("idEvent", "idUser", accepted, calendar_date) values (1, 35, true, '2017/11/28');
insert into invitation ("idEvent", "idUser", accepted, calendar_date) values (1, 18, true, '2017/08/11');
insert into invitation ("idEvent", "idUser", accepted, calendar_date) values (1, 27, true, '2018/03/21');
insert into invitation ("idEvent", "idUser", accepted, calendar_date) values (1, 11, false, '2017/04/19');
insert into invitation ("idEvent", "idUser", accepted, calendar_date) values (1, 21, true, '2017/12/19');
insert into invitation ("idEvent", "idUser", accepted, calendar_date) values (1, 2, true, '2017/09/12');
insert into invitation ("idEvent", "idUser", accepted, calendar_date) values (1, 9, false, '2017/06/27');
insert into invitation ("idEvent", "idUser", accepted, calendar_date) values (1, 26, true, '2018/02/21');
insert into invitation ("idEvent", "idUser", accepted, calendar_date) values (1, 24, false, '2017/10/28');
insert into invitation ("idEvent", "idUser", accepted, calendar_date) values (1, 20, true, '2018/02/21');

insert into poll ("idPoll", name, "idPost") values (1, 'quam suspendisse potenti', 1);
insert into poll ("idPoll", name, "idPost") values (2, 'lectus vestibulum quam sapien', 2);
insert into poll ("idPoll", name, "idPost") values (3, 'praesent blandit lacinia erat', 7);
insert into poll ("idPoll", name, "idPost") values (4, 'tellus in', 7);

insert into "pollOption" ("idOption", name, votes, "idPoll") values (1, 'id turpis integer', 3, 1);
insert into "pollOption" ("idOption", name, votes, "idPoll") values (2, 'fringilla rhoncus mauris', 9, 2);
insert into "pollOption" ("idOption", name, votes, "idPoll") values (3, 'varius integer ac', 0, 1);
insert into "pollOption" ("idOption", name, votes, "idPoll") values (4, 'rutrum rutrum neque', 3, 2);
insert into "pollOption" ("idOption", name, votes, "idPoll") values (5, 'enim in tempor', 8, 1);
insert into "pollOption" ("idOption", name, votes, "idPoll") values (6, 'felis ut at', 5, 3);
insert into "pollOption" ("idOption", name, votes, "idPoll") values (7, 'et tempus', 9, 4);
insert into "pollOption" ("idOption", name, votes, "idPoll") values (8, 'a pede', 2, 4);
insert into "pollOption" ("idOption", name, votes, "idPoll") values (9, 'morbi odio', 10, 1);
insert into "pollOption" ("idOption", name, votes, "idPoll") values (10, 'amet diam in', 10, 1);
insert into "pollOption" ("idOption", name, votes, "idPoll") values (11, 'montes nascetur ridiculus', 9, 3);
insert into "pollOption" ("idOption", name, votes, "idPoll") values (12, 'nulla ut', 8, 4);
insert into "pollOption" ("idOption", name, votes, "idPoll") values (13, 'ut ultrices', 1, 2);
insert into "pollOption" ("idOption", name, votes, "idPoll") values (14, 'libero non mattis', 0, 2);
insert into "pollOption" ("idOption", name, votes, "idPoll") values (15, 'ac lobortis vel', 1, 3);
insert into "pollOption" ("idOption", name, votes, "idPoll") values (16, 'in imperdiet et', 9, 2);
insert into "pollOption" ("idOption", name, votes, "idPoll") values (17, 'duis ac nibh', 9, 3);
insert into "pollOption" ("idOption", name, votes, "idPoll") values (18, 'velit eu', 5, 4);
insert into "pollOption" ("idOption", name, votes, "idPoll") values (19, 'congue diam id', 6, 1);
insert into "pollOption" ("idOption", name, votes, "idPoll") values (20, 'sed tincidunt', 0, 2);
insert into "pollOption" ("idOption", name, votes, "idPoll") values (21, 'quam turpis adipiscing', 0, 4);
insert into "pollOption" ("idOption", name, votes, "idPoll") values (22, 'turpis a', 2, 2);
insert into "pollOption" ("idOption", name, votes, "idPoll") values (23, 'nam dui proin', 5, 4);
insert into "pollOption" ("idOption", name, votes, "idPoll") values (24, 'dolor vel', 8, 1);
insert into "pollOption" ("idOption", name, votes, "idPoll") values (25, 'natoque penatibus', 6, 1);
insert into "pollOption" ("idOption", name, votes, "idPoll") values (26, 'integer ac leo', 5, 3);
insert into "pollOption" ("idOption", name, votes, "idPoll") values (27, 'maecenas rhoncus', 1, 1);
insert into "pollOption" ("idOption", name, votes, "idPoll") values (28, 'in felis', 5, 1);
insert into "pollOption" ("idOption", name, votes, "idPoll") values (29, 'aliquam sit amet', 4, 3);
insert into "pollOption" ("idOption", name, votes, "idPoll") values (30, 'commodo vulputate justo', 6, 1);

insert into "postComment" ("idComment", comment_text, "idCreator", "idPost") values (1, 'Etiam justo. Etiam pretium iaculis justo. In hac habitasse platea dictumst. Etiam faucibus cursus urna.', 7, 2);
insert into "postComment" ("idComment", comment_text, "idCreator", "idPost") values (2, 'Quisque arcu libero, rutrum ac, lobortis vel, dapibus at, diam. Nam tristique tortor eu pede.', 20, 1);
insert into "postComment" ("idComment", comment_text, "idCreator", "idPost") values (3, 'Proin interdum mauris non ligula pellentesque ultrices. Phasellus id sapien in sapien iaculis congue. Vivamus metus arcu, adipiscing molestie, hendrerit at, vulputate vitae, nisl.', 7, 1);
insert into "postComment" ("idComment", comment_text, "idCreator", "idPost") values (4, 'Vivamus metus arcu, adipiscing molestie, hendrerit at, vulputate vitae, nisl. Aenean lectus. Pellentesque eget nunc.', 6, 1);
insert into "postComment" ("idComment", comment_text, "idCreator", "idPost") values (5, 'Duis bibendum. Morbi non quam nec dui luctus rutrum. Nulla tellus.', 2, 1);
insert into "postComment" ("idComment", comment_text, "idCreator", "idPost") values (6, 'Aliquam erat volutpat. In congue.', 20, 2);
insert into "postComment" ("idComment", comment_text, "idCreator", "idPost") values (7, 'Integer ac neque.', 16, 1);
insert into "postComment" ("idComment", comment_text, "idCreator", "idPost") values (8, 'Nulla facilisi. Cras non velit nec nisi vulputate nonummy. Maecenas tincidunt lacus at velit.', 12, 1);
insert into "postComment" ("idComment", comment_text, "idCreator", "idPost") values (9, 'Curabitur gravida nisi at nibh.', 1, 1);
insert into "postComment" ("idComment", comment_text, "idCreator", "idPost") values (10, 'Aliquam sit amet diam in magna bibendum imperdiet. Nullam orci pede, venenatis non, sodales sed, tincidunt eu, felis. Fusce posuere felis sed lacus.', 7, 2);

insert into vote ("idUser", "idPollOption") values (20, 16);
insert into vote ("idUser", "idPollOption") values (6, 18);
insert into vote ("idUser", "idPollOption") values (3, 29);
insert into vote ("idUser", "idPollOption") values (12, 16);
insert into vote ("idUser", "idPollOption") values (5, 24);
insert into vote ("idUser", "idPollOption") values (12, 8);
insert into vote ("idUser", "idPollOption") values (16, 12);
insert into vote ("idUser", "idPollOption") values (8, 6);
insert into vote ("idUser", "idPollOption") values (9, 3);
insert into vote ("idUser", "idPollOption") values (17, 29);
insert into vote ("idUser", "idPollOption") values (11, 9);
insert into vote ("idUser", "idPollOption") values (4, 19);
insert into vote ("idUser", "idPollOption") values (17, 22);
insert into vote ("idUser", "idPollOption") values (16, 14);
insert into vote ("idUser", "idPollOption") values (10, 15);
insert into vote ("idUser", "idPollOption") values (12, 4);
insert into vote ("idUser", "idPollOption") values (2, 11);
insert into vote ("idUser", "idPollOption") values (12, 9);
insert into vote ("idUser", "idPollOption") values (14, 20);
insert into vote ("idUser", "idPollOption") values (18, 13);
insert into vote ("idUser", "idPollOption") values (9, 13);
insert into vote ("idUser", "idPollOption") values (9, 25);
insert into vote ("idUser", "idPollOption") values (11, 14);
insert into vote ("idUser", "idPollOption") values (5, 23);
insert into vote ("idUser", "idPollOption") values (10, 12);
insert into vote ("idUser", "idPollOption") values (4, 20);
insert into vote ("idUser", "idPollOption") values (10, 25);
insert into vote ("idUser", "idPollOption") values (4, 12);
insert into vote ("idUser", "idPollOption") values (13, 19);
insert into vote ("idUser", "idPollOption") values (15, 27);
insert into vote ("idUser", "idPollOption") values (19, 23);
insert into vote ("idUser", "idPollOption") values (8, 18);
insert into vote ("idUser", "idPollOption") values (4, 1);
insert into vote ("idUser", "idPollOption") values (7, 1);
insert into vote ("idUser", "idPollOption") values (15, 26);
insert into vote ("idUser", "idPollOption") values (12, 25);
insert into vote ("idUser", "idPollOption") values (10, 19);
insert into vote ("idUser", "idPollOption") values (5, 30);
insert into vote ("idUser", "idPollOption") values (18, 24);